Rank,Link,PageRank
0,microsoft,0.25
1,amazon,0.3333333333333333
2,yahoo,0.4166666666666666
